|ages|application deadline|application fee|category|destinations|location|minimum cost|website
0|['15', '16', '17', '18']|5032019|0|academic|0|new york ny|2400|http://92Y.org/youngwriters?utm_source=teenlife
1|['15', '16', '17', '18', '19']|0|0|stem|0|seal harbor me|2790|https://www.acadiainstitute.com/marine-science-camps/advanced-marine-science-camp-program?utm_source=teenlife
2|['13', '14', '15', '16', '17', '18', '19', '19']|0|0|businessentrepreneurship|0|san jose ca|500|https://acmeentrepreneur.com?utm_source=teenlife
3|['13', '14', '15', '16', '17', '18']|0|0|arts|0|novato ca|1250|https://www.usperformingarts.com/camp/studio-school-los-angeles-la-center-studios-acting-camera/?utm_source=teenlife
4|['12', '13', '14', '15', '16', '17', '18']|0|0|arts|0|novato ca|1250|https://www.usperformingarts.com/camp/stanford-university-acting-for-the-camera/?utm_source=teenlife
5|['15', '16', '17', '18']|6192020|0|academic|0|garden city ny|1250|http://precollege.adelphi.edu?utm_source=teenlife
6|['16', '17', '18']|5012020|0|arts|0|alfred ny|930|https://www.alfred.edu/about/community/summer-camps/residential-camps/academic-camps/art.cfm?utm_source=teenlife
7|['14', '15', '16', '17', '18']|5012020|0|arts|0|alfred ny|930|https://www.alfred.edu/about/community/summer-camps?utm_source=teenlife
8|['15', '16', '17']|5012020|0|academic|0|alfred ny|930|https://www.alfred.edu/about/community/summer-camps/?utm_source=teenlife
9|['14', '15', '16', '17', '18']|5012020|200|arts|0|alfred ny|2000|https://www.alfred.edu/about/community/summer-camps?utm_source=teenlife
10|['12', '13', '14', '15', '16', '17', '18']|0|0|outdoor adventure|0|white mountains nh|2779|https://www.outdoors.org/outdoor-activities/teens/teen-wilderness-adventure?utm_source=teenlife
11|['14', '15', '16', '17', '18']|0|0|academic|0|washington dc|800|https://www.american.edu/soc/discover/?utm_source=teenlife
12|['12', '13', '14', '15', '16', '17', '18']|0|0|academic|united states|andover ma|0|https://www.andover.edu/about/outreach/andover-bread-loaf?utm_source=teenlife
13|['12', '13', '14', '15', '16', '17', '18']|0|75|academic|united states|andover ma|2000|http://www.andover.edu/summer?utm_source=teenlife
14|0|1152020|70|academic|0|new haven ct|6300|https://globalscholars.yale.edu?utm_source=teenlife
15|['14', '15', '16', '17']|5222020|0|academic|australia|melbourne australia|1350|https://www.trinity.unimelb.edu.au/young-leaders-program?utm_source=teenlife
16|0|4012020|0|academic|0|new york ny|5445|https://barnard.edu/athena-summer-innovation-institute-0?utm_source=teenlife
17|['14', '15', '16', '17', '18']|0|0|academic|0|new york ny|4995|https://barnard.edu/fashion-and-art-history-nyc-institute?utm_source=teenlife
18|['14', '15', '16', '17', '18']|0|0|stem|0|new york ny|4995|https://barnard.edu/steminists-training-institute?utm_source=teenlife
19|0|4012020|0|academic|0|new york ny|4995|https://barnard.edu/empirical-reasoning-summer-institute?utm_source=teenlife
20|0|4012020|0|academic|0|new york ny|4995|https://barnard.edu/urban-studies-institute?utm_source=teenlife
21|0|4012020|0|academic|0|new york ny|4995|https://barnard.edu/pre-college-programs-barnard?utm_source=teenlife
22|['14', '15', '16', '17', '18']|4152020|75|academic|0|new york ny|4995|https://barnard.edu/pre-college/about-us?utm_source=teenlife
23|['16', '17', '18']|4302019|75|businessentrepreneurship|0|waltham ma|1299|https://www.bentley.edu/centers/trading-room/wall-street-101?utm_source=teenlife
24|['15', '16', '17', '18']|0|50|academic|0|providence ri|6100|https://precollege.brown.edu/berklee-brown/?utm_source=teenlife
25|['16', '17']|1152020|6300|stem|0|new haven ct|70|https://globalscholars.yale.edu?utm_source=teenlife
26|['13', '14', '15', '16', '17']|0|0|academic|0|wellesley ma|599|http://www.bostonleadershipinstitute.com?utm_source=teenlife
27|['13', '14', '15', '16', '17']|0|0|academic|0|wellesley ma|599|http://www.bostonleadershipinstitute.com?utm_source=teenlife
28|['13', '14', '15', '16', '17', '18']|0|0|academic|0|wellesley ma|599|http://www.bostonleadershipinstitute.com?utm_source=teenlife
29|0|0|0|stem|0|waltham ma|2200|http://bostonleadershipinstitute.com/anatomy-and-surgical-research.html?utm_source=teenlife
30|['13', '14', '15', '16', '17', '18']|0|0|stem|0|boston ma|599|http://bostonleadershipinstitute.com/anatomy.html?utm_source=teenlife
31|['13', '14', '15', '16', '17', '18']|0|0|stem|0|wellesley ma|599|http://www.bostonleadershipinstitute.com?utm_source=teenlife
32|['13', '14', '15', '16', '17', '18']|0|0|academic|0|wellesley ma|599|http://www.bostonleadershipinstitute.com?utm_source=teenlife
33|['14', '15', '16', '17', '18']|0|0|stem|0|boston ma|2200|http://bostonleadershipinstitute.com/applied-physics-and-engineering.html?utm_source=teenlife
34|['13', '14', '15', '16', '17', '18']|0|0|academic|0|wellesley ma|2200|http://www.bostonleadershipinstitute.com?utm_source=teenlife
35|['13', '14', '15', '16', '17', '18']|0|0|academic|0|wellesley ma|599|http://www.bostonleadershipinstitute.com?utm_source=teenlife
36|['14', '15', '16', '17', '18']|0|0|stem|0|boston ma|2200|http://bostonleadershipinstitute.com/biomedical-and-surgical-research.html?utm_source=teenlife
37|['15', '16', '17', '18']|0|0|stem|0|boston ma|2200|http://bostonleadershipinstitute.com/biomedical-engineering.html?utm_source=teenlife
38|['13', '14', '15', '16', '17', '18']|0|0|academic|0|wellesley ma|2200|http://bostonleadershipinstitute.com/biotech-and-pharma.html?utm_source=teenlife
39|['14', '15', '16', '17', '18']|0|0|stem|0|boston ma|599|http://bostonleadershipinstitute.com/chemistry-edge.html?utm_source=teenlife
40|['13', '14', '15', '16', '17', '18']|0|0|academic|0|wellesley ma|599|http://bostonleadershipinstitute.com/clinical-psychology.html?utm_source=teenlife
41|['14', '15', '16', '17', '18']|0|0|stem|0|boston ma|599|http://bostonleadershipinstitute.com/contagion.html?utm_source=teenlife
42|['13', '14', '15', '16', '17', '18']|0|0|academic|0|wellesley ma|2200|http://www.bostonleadershipinstitute.com?utm_source=teenlife
43|['14', '15', '16', '17', '18']|0|0|stem|0|waltham ma|2200|http://bostonleadershipinstitute.com/engineering-electronics-and-robotics.html?utm_source=teenlife
44|['14', '15', '16', '17', '18']|0|0|stem|0|boston ma|2200|http://bostonleadershipinstitute.com/biomedical-research-contagious-disease.html?utm_source=teenlife
45|['13', '14', '15', '16', '17', '18']|0|0|businessentrepreneurship|0|wellesley ma|2200|http://bostonleadershipinstitute.com/finance.html?utm_source=teenlife
46|['14', '15', '16', '17', '18']|0|0|stem|0|boston ma|2200|http://bostonleadershipinstitute.com?utm_source=teenlife
47|['13', '14', '15', '16', '17', '18']|0|0|stem|0|boston ma|599|http://bostonleadershipinstitute.com/forensics.html?utm_source=teenlife
48|['13', '14', '15', '16', '17', '18']|0|0|stem|0|boston ma|2200|http://bostonleadershipinstitute.com/human-genetics.html?utm_source=teenlife
49|['14', '15', '16', '17', '18']|0|0|stem|0|waltham ma|599|http://bostonleadershipinstitute.com/intro-to-biotech.html?utm_source=teenlife
50|['13', '14', '15', '16', '17', '18']|0|0|stem|0|boston ma|599|http://bostonleadershipinstitute.com/intro-to-surgery.html?utm_source=teenlife
51|['14', '15', '16', '17', '18']|0|0|stem|0|wellesley ma|599|http://bostonleadershipinstitute.com/marine-biology-793473.html?utm_source=teenlife
52|['13', '14', '15', '16', '17', '18']|0|0|stem|0|boston ma|2200|http://bostonleadershipinstitute.com/mars-mission.html?utm_source=teenlife
53|['14', '15', '16', '17', '18']|0|0|stem|0|wellesley ma|2200|http://www.bostonleadershipinstitute.com?utm_source=teenlife
54|['13', '14', '15', '16', '17', '18']|0|0|stem|0|wellesley ma|2200|http://bostonleadershipinstitute.com/oncology.html?utm_source=teenlife
55|['13', '14', '15', '16', '17', '18']|0|0|stem|0|boston ma|599|http://bostonleadershipinstitute.com/physics-edge.html?utm_source=teenlife
56|['14', '15', '16', '17', '18']|0|0|stem|0|wellesley ma|599|http://bostonleadershipinstitute.com/physics-of-space.html?utm_source=teenlife
57|['13', '14', '15', '16', '17', '18']|0|0|academic|0|boston ma|2200|http://bostonleadershipinstitute.com/clinical-psychology-and-psychiatry-research.html?utm_source=teenlife
58|['13', '14', '15', '16', '17']|0|0|stem|0|wellesley ma|599|http://bostonleadershipinstitute.com/real-estate-statistics.html?utm_source=teenlife
59|['13', '14', '15', '16', '17', '18']|0|0|stem|0|wellesley ma|599|http://bostonleadershipinstitute.com/sports-medicine.html?utm_source=teenlife
60|['13', '14', '15', '16', '17', '18']|0|0|stem|0|boston ma|599|http://bostonleadershipinstitute.com/sports-statistics.html?utm_source=teenlife
61|['14', '15', '16', '17', '18']|0|0|stem|0|boston ma|2200|http://bostonleadershipinstitute.com/stem-entrepreneurship.html?utm_source=teenlife
62|['13', '14', '15', '16', '17', '18']|0|0|stem|uruguay|boston ma|2200|http://bostonleadershipinstitute.com/veterinary-medicine.html?utm_source=teenlife
63|['15', '16', '17']|0|50|academic|0|boston ma|6500|https://www.bu.edu/summer/high-school-programs/academic-immersion/creative-writing/?utm_source=teenlife
64|['15', '16', '17', '18']|0|50|academic|0|boston ma|6500|https://www.bu.edu/summer/high-school-programs/academic-immersion/psychology/?utm_source=teenlife
65|['16', '17', '18']|0|50|stem|0|boston ma|6500|https://www.bu.edu/summer/high-school-programs/academic-immersion/introduction-to-medicine/?utm_source=teenlife
66|['15', '16', '17', '18', '19']|5292020|50|academic|0|boston ma|2940|https://www.bu.edu/summer/high-school-programs/high-school-honors/high-school-honors-online/?utm_source=teenlife
67|['16', '17', '18']|5292020|50|academic|0|boston ma|3350|https://www.bu.edu/summer/high-school-programs/high-school-honors/?utm_source=teenlife
68|['15', '16', '17', '18']|2142020|50|stem|0|boston ma|4650|https://www.bu.edu/summer/high-school-programs/rise-internship-practicum/internship-track/?utm_source=teenlife
69|['15', '16', '17', '18']|2142020|50|stem|0|boston ma|4650|https://www.bu.edu/summer/high-school-programs/rise-internship-practicum/practicum-track/?utm_source=teenlife
70|['14', '15', '16', '17', '18']|0|60|academic|united states|boston ma|2600|https://combeyond.bu.edu/workshop/bu-summer-journalism-institute/?utm_source=teenlife
71|['13', '14', '15', '16', '17', '18']|0|50|academic|0|boston ma|1550|https://www.bu.edu/summer/high-school-programs/?utm_source=teenlife
72|['15', '16', '17', '18']|0|50|stem|0|providence ri|5984|https://precollege.brown.edu/bell-alaska/?utm_source=teenlife
73|['15', '16', '17', '18']|0|50|stem|0|providence ri|3226|https://precollege.brown.edu/bell-florida/?utm_source=teenlife
74|['15', '16', '17', '18']|0|50|academic|0|west greenwich ri|4834|https://precollege.brown.edu/bell-rhodeisland/?utm_source=teenlife
75|['15', '16', '17', '18']|0|0|academic|0|providence ri|4625|https://precollege.brown.edu/leadership-institute/?utm_source=teenlife
76|['16', '17', '18']|0|50|academic|united states|providence ri|3631|https://precollege.brown.edu/washington/?utm_source=teenlife
77|['17', '18', '19']|0|0|academic|0|providence ri|4449|https://precollege.brown.edu/prebaccalaureate/?utm_source=teenlife
78|0|0|0|stem|0|providence ri|4625|https://precollege.brown.edu/stem/?utm_source=teenlife
79|['15', '16', '17', '18']|0|0|academic|0|providence ri|3191|https://precollege.brown.edu/english-language-learners/?utm_source=teenlife
80|['14', '15', '16', '17', '18']|0|0|academic|0|providence ri|709|https://precollege.brown.edu/online/?utm_source=teenlife
81|['12', '13', '14', '15', '16', '17', '18']|0|0|sports|0|providence ri|0|https://precollege.brown.edu/sportscamps/?utm_source=teenlife
82|['16', '17', '18']|0|0|travelcultural immersion|italy|rome italy|6492|https://precollege.brown.edu/rome/?utm_source=teenlife
83|['16', '17', '18']|3252019|50|travelcultural immersion|spain|segovia spain|6246|https://precollege.brown.edu/segovia/?utm_source=teenlife
84|['16', '17', '18']|0|0|christian|0|rocksprings tx|500|http://www.campeagle.org/wilderness/courses.php#CE-discipleship-1?utm_source=teenlife
85|['12', '13', '14', '15', '16']|0|0|outdoor adventure|united states|palmyra va|1375|https://www.campfriendship.com?utm_source=teenlife
86|['12', '13', '14', '15', '16', '17', '18']|0|0|jewish|0|malibu ca|1650|https://www.wbtcamps.org/?utm_source=teenlife
87|['12', '13', '14', '15']|0|0|outdoor adventure|0|cambria ca|1824|http://campoceanpines.org/teen-trips?utm_source=teenlife
88|['15', '16', '17', '18']|3162020|0|academic|0|northfield mn|3900|https://www.carleton.edu/summer/pre-college/?utm_source=teenlife
89|['12', '13', '14', '15', '16', '17', '18']|0|0|academic|0|evanston il|40|http://www.ctd.northwestern.edu?utm_source=teenlife
90|['14', '15', '16', '17', '18']|0|0|community service|0|evanston il|0|http://www.ctd.northwestern.edu/program/civic-leadership-institute?utm_source=teenlife
91|['12', '13', '14', '15', '16', '17', '18']|0|0|academic|0|evanston il|2335|http://ctd.northwestern.edu/summer?utm_source=teenlife
92|['15', '16', '17']|6232014|40|arts|united states|new york ny|3500|https://circlesquare.org/programs/summer-intensives/?utm_source=teenlife
93|['13', '14', '15', '16', '17', '18']|0|0|arts|0|novato ca|1250|http://www.usperformingarts.com/camp/studio-school-los-angeles-la-center-studios-commercial-dance/?utm_source=teenlife
94|['13', '14', '15', '16', '17', '18']|0|0|arts|0|novato ca|0|https://www.usperformingarts.com/camp_category/animation/?utm_source=teenlife
95|['14', '15', '16', '18']|0|0|language|0|moorhead mn|980|http://www.concordialanguagevillages.org/youth-languages/arabic-language-village?utm_source=teenlife
96|['12', '13', '14', '15', '16', '17', '18', '19']|0|0|language|0|moorhead mn|940|http://www.concordialanguagevillages.org/youth-languages/chinese-language-village?utm_source=teenlife
97|0|0|0|language|0|moorhead mn|1875|http://www.concordialanguagevillages.org/youth-languages/french-language-village?utm_source=teenlife
98|0|0|0|language|0|moorhead mn|1875|http://www.concordialanguagevillages.org/youth-languages/german-language-village?utm_source=teenlife
99|0|0|0|language|0|moorhead mn|1875|http://www.concordialanguagevillages.org/youth-languages/italian-language-village?utm_source=teenlife
100|0|0|0|language|0|moorhead mn|1875|http://www.concordialanguagevillages.org/youth-languages/japanese-language-village?utm_source=teenlife
101|['12', '14', '15', '16', '17', '18']|0|0|language|costa rica|bemidji mn|245|http://www.concordialanguagevillages.org/info/program/spanish-language-camp?utm_source=teenlife
102|['12', '13', '14', '15']|0|0|arts|0|berea oh|450|https://www.bw.edu/community-music-school/summer/music-theatre-camp/?utm_source=teenlife
103|['15', '16', '17', '18']|5022020|0|academic|0|ithaca ny|6310|https://sce.cornell.edu/precollege?utm_source=teenlife
104|['16', '17', '18']|5022020|0|academic|0|ithaca ny|6310|http://www.sce.cornell.edu/sc/index.php?utm_source=teenlife
105|['16', '17', '18']|5022020|0|arts|0|ithaca ny|6310|https://sce.cornell.edu/precollege?utm_source=teenlife
106|['16', '17', '18']|5022020|0|language|0|ithaca ny|12825|http://www.sce.cornell.edu/sc/index.php?utm_source=teenlife
107|['12', '13', '14', '15']|6142017|0|arts|0|bloomfield hills mi|640|https://cranbrookartmuseum.org/learn/kids-teens/create-camps/?utm_source=teenlife
108|['12', '13', '14', '15', '16', '17', '18']|0|0|arts|0|novato ca|1250|https://www.usperformingarts.com/camp/pepperdine-university-digital-film/?utm_source=teenlife
109|['12', '13', '14']|5162018|300|stem|0|durham nc|2300|http://learnmore.duke.edu/youth/biosci_ms?utm_source=teenlife
110|['15', '16', '17', '18']|5162018|0|stem|0|durham nc|2000|http://learnmore.duke.edu/youth/biosci_hs?utm_source=teenlife
111|['15', '16', '17']|5162018|300|academic|0|durham nc|1600|http://learnmore.duke.edu/youth/creativewriter?utm_source=teenlife
112|['12', '13', '14']|5162018|300|stem|0|durham nc|1600|http://learnmore.duke.edu/youth/drone-innovation-camp-duke?utm_source=teenlife
113|['14', '15', '16', '17']|5162018|300|stem|0|durham nc|1600|http://learnmore.duke.edu/youth/math_hs?utm_source=teenlife
114|['14', '15', '16', '17']|5162018|300|career exploration and leadership|0|durham nc|1600|http://learnmore.duke.edu/youth/leadership-in-action?utm_source=teenlife
115|['12', '13', '14']|5162018|300|stem|0|durham nc|1600|http://learnmore.duke.edu/youth/math?utm_source=teenlife
116|['14', '15', '16', '17']|5162018|300|stem|0|durham nc|1600|http://learnmore.duke.edu/youth/neuro?utm_source=teenlife
117|['14', '15', '16', '17']|5162018|0|academic|0|durham nc|900|http://learnmore.duke.edu/youth/testprep_SAT_Summer?utm_source=teenlife
118|['14', '15', '16', '17']|5162018|300|arts|0|durham nc|1600|http://learnmore.duke.edu/youth/video-production-camp-high-school?utm_source=teenlife
119|['12', '13', '14']|5162018|300|arts|0|durham nc|1600|http://learnmore.duke.edu/youth/video-production-camp-middle-school?utm_source=teenlife
120|['12', '13', '14', '15', '16', '17']|0|300|academic|0|durham nc|1600|http://learnmore.duke.edu/youth/youngwriter?utm_source=teenlife
121|['13', '14', '15']|0|290|language|germany|münchen germany|1500|https://www.ef.edu/ils/destinations/germany/munich?source=007934,N1US_TRA_teenlife
122|['15', '16', '17', '18']|0|0|arts|united states|boston ma|6025|https://www.emerson.edu/majors-programs/pre-college-programs/pre-college-16mm-filmmakers?utm_source=teenlife
123|['16', '17', '18']|5012020|60|arts|united states|boston ma|4701|https://www.emerson.edu/majors-programs/pre-college-programs/pre-college-acting?utm_source=teenlife
124|['15', '16', '17', '18']|5012020|60|academic|united states|boston ma|3531|https://www.emerson.edu/majors-programs/pre-college-programs/pre-college-creative-writers?utm_source=teenlife
125|['16', '17', '18']|5012020|60|arts|united states|boston ma|3395|https://www.emerson.edu/majors-programs/pre-college-programs/pre-college-design-technology-stage-screen?utm_source=teenlife
126|['15', '16', '17', '18']|5012020|60|arts|united states|boston ma|4675|https://www.emerson.edu/majors-programs/pre-college-programs/pre-college-digital-filmmakers?utm_source=teenlife
127|0|5012020|60|sports|united states|boston ma|1895|https://www.emerson.edu/majors-programs/pre-college-programs/pre-college-esports?utm_source=teenlife
128|['15', '16', '17', '18']|5012020|60|academic|united states|boston ma|3354|https://www.emerson.edu/majors-programs/pre-college-programs/pre-college-journalism?utm_source=teenlife
129|['16', '17', '18']|5012020|60|arts|united states|boston ma|4812|https://www.emerson.edu/majors-programs/pre-college-programs/pre-college-musical-theatre?utm_source=teenlife
130|['15', '16', '17', '18']|5012020|60|academic|united states|boston ma|2495|https://www.emerson.edu/majors-programs/pre-college-programs/pre-college-politics-activism-leadership?utm_source=teenlife
131|0|5012020|60|academic|united states|boston ma|1895|https://www.emerson.edu/majors-programs/pre-college-programs/pre-college-sports-communication?utm_source=teenlife
132|['16', '17', '18']|5012020|500|academic|united states|boston ma|1895|https://www.emerson.edu/majors-programs/pre-college-programs?utm_source=teenlife
133|['15', '16', '17', '18']|0|70|stem|0|atlanta ga|2958|http://precollege.emory.edu/index.html?utm_source=teenlife
134|['15', '16', '17', '18']|6282019|70|academic|0|atlanta ga|2958|http://www.precollege.emory.edu?utm_source=teenlife
135|['15', '16', '17', '18']|6012019|70|stem|0|atlanta ga|2958|http://precollege.emory.edu/?utm_source=teenlife
136|['18', '19', '19']|0|0|stem|0|torrance ca|999|https://stemcellpath.com/courses/essential-cell-culture-techniques/?utm_source=teenlife
137|['15', '16', '17']|0|0|academic|0|chicago il|3450|https://www.explo.org/summer-programs/pre-college/chicago/?utm_source=teenlife
138|['18', '19', '19']|0|0|arts|['china', 'france', 'italy', 'multiple locations', 'spain', 'united kingdom', 'united states']|london united kingdom|950|https://www.fashionweekinternships.com?utm_source=teenlife
139|['12', '13', '14', '15', '16', '17', '18']|0|0|stem|0|melbourne fl|295|https://www.fit.edu/camps/?utm_source=teenlife
140|0|0|50|academic|0|washington dc|6358|https://summer.georgetown.edu/?utm_medium=display&utm_source=teenlife&utm_campaign=fy19-160-shs-display-teenlife-1x1-visit&utm_content=fy19-160-shs-display-teenlife-1x1-visit
141|0|0|50|stem|0|washington dc|2950|https://summer.georgetown.edu/?utm_medium=display&utm_source=teenlife&utm_campaign=fy19-160-shs-display-teenlife-1x1-visit&utm_content=fy19-160-shs-display-teenlife-1x1-visit
142|['14', '15', '16', '17', '18']|5302019|50|academic|0|washington dc|0|https://summer.georgetown.edu/?utm_medium=display&utm_source=teenlife&utm_campaign=fy19-160-shs-display-teenlife-1x1-visit&utm_content=fy19-160-shs-display-teenlife-1x1-visit
143|['16', '17', '18']|0|75|stem|united states|cambridge ma|3340|https://www.summer.harvard.edu/high-school-programs/secondary-school-program?utm_source=teenlife
144|['15', '16', '17', '18', '19']|0|75|academic|0|cambridge ma|4750|http://www.summer.harvard.edu/programs/pre-college-program?utm_source=teenlife
145|['13', '14', '15', '16', '17', '18']|0|0|outdoor adventure|hawaii|honokaa hi|3495|http://www.hawaiioutdoors.org?utm_source=teenlife
146|0|0|0|academic|united states|roanoke va|400|https://www.hollins.edu/academics/hollinsummer/a-summer-writing-camp-for-teens/?utm_source=teenlife
147|['13', '14', '15', '16', '17', '18']|0|0|stem|united kingdom|london united kingdom|5299|https://www.idtech.com/locations/international-summer-camps/imperial-college-london?utm_source=teenlife
148|['12', '13', '14', '15', '16', '17', '18']|0|0|stem|united kingdom|kensington london united kingdom|1099|https://www.idtech.com/locations/international-summer-camps/imperial-college-london?utm_source=teenlife
149|['13', '14', '15', '16', '17', '18']|0|0|stem|united kingdom|cambridge united kingdom|1848|https://www.idtech.com/locations/international-summer-camps/university-of-cambridge?utm_source=teenlife
150|['12', '13', '14', '15', '16', '17']|0|0|stem|0|manchester nh|799|https://www.idtech.com/tech-camps?utm_source=teenlife
151|['13', '14', '15', '16', '17', '18']|0|0|arts|0|idyllwild ca|2950|https://www.idyllwildarts.org/summer/teens-kids/?utm_source=teenlife
152|['12', '13', '14', '15', '16', '17', '18']|0|0|academic|united states|bryn mawr pa|2900|http://www.intoprep.net?utm_source=teenlife
153|['15', '16', '18', '19', '19']|0|0|stem|['saudi arabia', 'united states']|torrance ca|999|https://stemcellpath.com/courses/intro-to-stem-cell-systems/?utm_source=teenlife
154|['13', '14', '15', '16', '17', '18']|0|500|academic|united states|new haven ct|6900|https://www.issos.com/?utm_source=teenlife
155|['13', '14', '15', '16', '17', '18']|0|500|academic|united kingdom|cambridge united kingdom|4900|https://www.issos.com/?utm_source=teenlife
156|['13', '14', '15', '16', '17', '18']|0|0|academic|['united kingdom', 'united states']|multiple locations united kingdom|4900|http://www.issos.com?utm_source=teenlife
157|['15', '16', '17', '18']|2242020|60|businessentrepreneurship|0|cambridge ma|7495|http://launchx.com?utm_source=teenlife
158|['13', '14', '15', '16', '17', '18', '19', '19']|0|280|language|['china', 'costa rica', 'france', 'germany', 'italy', 'japan', 'korea', 'portugal', 'russian federation', 'singapore', 'south korea', 'spain', 'united arab emirates']|cambridge ma|575|https://www.ef.edu/ils/?source=007934,N1US_TRA_teenlife
159|['16', '17', '18', '19']|0|290|language|france|paris france|1550|https://www.ef.edu/ils/destinations/france/paris/?source=007934,N1US_TRA_teenlife
160|['16', '17', '18', '19']|0|290|language|france|nice france|715|https://www.ef.edu/ils/destinations/france/nice/?source=007934,N1US_TRA_teenlife
161|['16', '17', '18', '19']|0|0|language|germany|berlin germany|1600|https://www.ef.edu/ils/destinations/germany/berlin/?source=007934,N1US_TRA_teenlife
162|['16', '17', '18', '19']|0|0|language|germany|munich germany|1600|https://www.ef.edu/ils/destinations/germany/munich/?source=007934,N1US_TRA_teenlife
163|['16', '17', '18', '19']|0|0|language|italy|rome italy|1600|https://www.ef.edu/ils/destinations/italy/rome/?source=007934,N1US_TRA_teenlife
164|['16', '17', '18', '19']|0|0|language|japan|tokyo japan|1790|https://www.ef.edu/ils/destinations/japan/tokyo/?source=007934,N1US_TRA_teenlife
165|['16', '17', '18', '19']|0|0|language|korea|seoul korea|1390|https://www.ef.edu/ils/destinations/korea/seoul/?source=007934,N1US_TRA_teenlife
166|['16', '17', '18', '19', '19']|0|290|language|portugal|lisbon portugal|645|https://www.ef.edu/ils/destinations/portugal/lisbon/?source=007934,N1US_TRA_teenlife
167|['16', '17', '18', '19']|0|0|language|spain|barcelona spain|1450|https://www.ef.edu/ils/destinations/spain/barcelona/?source=007934,N1US_TRA_teenlife
168|['16', '17', '18', '19']|0|0|language|costa rica|playa tamarindo costa rica|1330|https://www.ef.edu/ils/destinations/costa-rica/playa-tamarindo/?source=007934,N1US_TRA_teenlife
169|['16', '17', '18', '19']|0|290|language|spain|madrid spain|1190|https://www.ef.edu/ils/destinations/spain/madrid/?source=007934,N1US_TRA_teenlife
170|['15', '16', '17']|2192020|0|businessentrepreneurship|united states|bethlehem pa|4250|http://global.lehigh.edu/Iacocca/highschool?utm_source=teenlife
171|['14', '15', '16', '17', '18', '19', '19']|7062018|0|arts|united states|new york ny|200|https://www.limcollege.edu/admissions/high-school-special-programs/summer-fashion-lab?utm_source=teenlife
172|['14', '15', '16', '17', '18']|0|0|travelcultural immersion|spain|spain|5950|http://experiencelita.com?utm_source=teenlife
173|['16', '17']|1152020|70|academic|0|new haven ct|6300|https://globalscholars.yale.edu?utm_source=teenlife
174|['15', '16', '17', '18']|3152020|60|arts|0|los angeles ca|4800|https://summer.lmu.edu/acting?utm_source=teenlife
175|['16', '17', '18']|3152020|60|academic|0|los angeles ca|4800|https://summer.lmu.edu/screenwriting?utm_source=teenlife
176|['14', '15', '16', '17', '18']|3152020|60|academic|united states|los angeles ca|4800|http://summer.lmu.edu/campaigns?utm_source=teenlife
177|['15', '16', '17', '18']|3152020|60|stem|united states|los angeles ca|4800|https://summer.lmu.edu/ecology?utm_source=teenlife
178|['16', '17', '18']|3152020|60|businessentrepreneurship|united states|los angeles ca|4800|https://summer.lmu.edu/gseba?utm_source=teenlife
179|['15', '16', '17', '18']|3152020|60|arts|united states|los angeles ca|4800|https://summer.lmu.edu/comics?utm_source=teenlife
180|['17', '18']|3152020|60|arts|0|los angeles ca|4800|http://summer.lmu.edu/design?utm_source=teenlife
181|['15', '16', '17', '18']|3152020|60|businessentrepreneurship|united states|los angeles ca|4800|https://summer.lmu.edu/entrepreneurship?utm_source=teenlife
182|['16', '17', '18']|3152020|60|arts|united states|los angeles ca|4800|https://summer.lmu.edu/graphicdesign?utm_source=teenlife
183|['16', '17', '18']|3152019|60|arts|0|los angeles ca|4800|http://summer.lmu.edu/3dart?utm_source=teenlife
184|['12', '13', '14', '15', '16']|0|0|arts|0|waterville me|3940|https://maineartscamp.com/?utm_source=teenlife
185|['12', '13', '14', '15', '16']|0|0|sports|0|new york ny|570|http://www.manhattanfencing.com?utm_source=teenlife
186|['15', '16', '17', '18', '19']|0|0|stem|0|torrance ca|495|https://stemcellpath.com/courses/stem-cell-engineering/?utm_source=teenlife
187|['13', '14', '15', '16', '17', '18']|6192020|395|language|['china', 'france', 'spain', 'united states']|colchester vt|5595|http://www.middleburyinteractive.com/summer-language-academy-teens-2?utm_leadsource=TeenLife&utm_medium=listing&utm_source=TeenLife
188|['14', '15', '16', '17', '18']|5012020|395|language|china|beijing china|6995|http://www.middleburyinteractive.com/summer-language-academy-teens-2?utm_leadsource=TeenLife&utm_medium=listing&utm_source=TeenLife
189|['14', '15', '16', '17', '18']|5012020|395|language|spain|granada spain|6995|http://www.middleburyinteractive.com/summer-language-academy-teens-2?utm_leadsource=TeenLife&utm_medium=listing&utm_source=TeenLife
190|['14', '15', '16', '17', '18']|5012020|395|language|france|nantes france|7245|http://www.middleburyinteractive.com/summer-language-academy-teens-2?utm_leadsource=TeenLife&utm_medium=listing&utm_source=TeenLife
191|['14', '15', '16', '17', '18']|5012020|395|language|spain|salamanca spain|6995|http://www.middleburyinteractive.com/summer-language-academy-teens-2?utm_leadsource=TeenLife&utm_medium=listing&utm_source=TeenLife
192|['13', '14', '15', '16', '17', '18']|6192020|395|language|united states|colchester vt|5595|http://www.middleburyinteractive.com/summer-language-academy-teens-2?utm_leadsource=TeenLife&utm_medium=listing&utm_source=TeenLife
193|['13', '14', '15', '16', '17', '18']|6192020|395|language|united states|colchester vt|5595|http://www.middleburyinteractive.com/summer-language-academy-teens-2?utm_leadsource=TeenLife&utm_medium=listing&utm_source=TeenLife
194|['13', '14', '15', '16', '17', '18']|6192020|395|language|united states|colchester vt|5595|http://www.middleburyinteractive.com/summer-language-academy-teens-2?utm_leadsource=TeenLife&utm_medium=listing&utm_source=TeenLife
195|['13', '14', '15', '16', '17', '18']|6192020|395|language|united states|colchester vt|5595|http://www.middleburyinteractive.com/summer-language-academy-teens-2?utm_leadsource=TeenLife&utm_medium=listing&utm_source=TeenLife
196|['12', '13', '14', '15', '16', '17', '18']|0|0|academic|united states|cambridge ma|745|https://unagb.org/model-un/vacation-institutes/?utm_source=teenlife
197|['15', '16', '17', '18', '19', '19']|0|0|stem|0|torrance ca|1540|https://stemcellpath.com/courses/molecular-stem-cell-biology/?utm_source=teenlife
198|['12', '13', '14', '15', '16', '17', '18']|0|0|arts|0|novato ca|1250|https://www.usperformingarts.com/camp_location/pepperdine-university/?utm_source=teenlife
199|['14', '15', '16', '17', '18']|0|0|arts|0|0|5395|https://www.nslcleaders.org/youth-leadership-programs/acting-intensive/?utm_source=teenlife
200|['14', '15', '16', '17', '18']|0|0|stem|0|0|3195|https://www.nslcleaders.org/youth-leadership-programs/aerospace/?utm_source=teenlife
201|['14', '15', '16', '17', '18']|0|0|academic|0|0|3095|https://www.nslcleaders.org/youth-leadership-programs/architecture/?utm_source=teenlife
202|['14', '15', '16', '17', '18']|0|0|stem|0|0|3295|https://www.nslcleaders.org/youth-leadership-programs/biotechnology/?utm_source=teenlife
203|['14', '15', '16', '17']|0|0|businessentrepreneurship|0|0|3195|https://www.nslcleaders.org/youth-leadership-programs/business-entrepreneurship/#section-9?utm_source=teenlife
204|['15', '16', '17', '18']|0|0|businessentrepreneurship|0|0|5395|https://www.nslcleaders.org/youth-leadership-programs/business-intensive/?utm_source=teenlife
205|['14', '15', '16', '17', '18']|0|0|stem|0|0|3195|https://www.nslcleaders.org/youth-leadership-programs/cybersecurity/?utm_source=teenlife
206|['14', '15', '16', '17', '18']|0|0|stem|0|0|5395|https://www.nslcleaders.org/youth-leadership-programs/engineering-intensive/?utm_source=teenlife
207|['14', '15', '16', '17', '18']|0|0|stem|0|0|3195|https://www.nslcleaders.org/youth-leadership-programs/engineering-summer-programs/?utm_source=teenlife
208|['14', '15', '16', '17', '18']|0|0|businessentrepreneurship|barbados|0|3195|https://www.nslcleaders.org/youth-leadership-programs/entertainment-management/?utm_source=teenlife
209|['14', '15', '16', '17', '18']|0|0|stem|0|0|3195|https://www.nslcleaders.org/youth-leadership-programs/environmental-science-sustainability/?utm_source=teenlife
210|['14', '15', '16', '17', '18']|0|0|academic|0|0|3195|https://www.nslcleaders.org/youth-leadership-programs/journalism-film-media-arts/?utm_source=teenlife
211|['14', '15', '16', '17', '18']|0|0|stem|0|0|3295|https://www.nslcleaders.org/youth-leadership-programs/forensic-science/?utm_source=teenlife
212|['14', '15', '16', '17', '18']|0|0|stem|0|0|3195|https://www.nslcleaders.org/youth-leadership-programs/game-design/?utm_source=teenlife
213|['14', '15', '16', '17', '18']|0|0|career exploration and leadership|0|0|2595|https://www.https://www.nslcleaders.org/youth-leadership-programs/intelligence-national-security/.org/?utm_source=teenlife
214|['14', '15', '16', '17', '18']|0|0|career exploration and leadership|0|0|3195|https://www.nslcleaders.org/youth-leadership-programs/international-diplomacy/?utm_source=teenlife
215|['14', '15', '16', '17']|0|0|academic|0|0|3295|https://www.nslcleaders.org/youth-leadership-programs/law-advocacy/?utm_source=teenlife
216|['14', '15', '16', '17', '18']|0|0|stem|0|0|3195|https://www.nslcleaders.org/youth-leadership-programs/marine-biology/?utm_source=teenlife
217|['14', '15', '16', '17']|0|0|career exploration and leadership|0|0|2595|https://www.nslcleaders.org/youth-leadership-programs/leadership-development-programs/?utm_source=teenlife
218|['14', '15', '16', '17', '18']|0|0|stem|0|0|3195|https://www.nslcleaders.org/youth-leadership-programs/summer-medical-programs/?utm_source=teenlife
219|['14', '15', '16', '17', '18']|0|0|stem|0|0|3295|https://www.nslcleaders.org/youth-leadership-programs/nursing/?utm_source=teenlife
220|['14', '15', '16', '17', '18']|0|0|academic|0|0|3295|https://www.nslcleaders.org/youth-leadership-programs/political-action-public-policy/?utm_source=teenlife
221|['14', '15', '16', '17', '18']|0|0|stem|0|0|3295|https://www.nslcleaders.org/youth-leadership-programs/psychology-neuroscience/?utm_source=teenlife
222|['14', '15', '16', '17', '18']|0|0|career exploration and leadership|0|0|3195|https://www.nslcleaders.org/youth-leadership-programs/social-impact-community-engagement/?utm_source=teenlife
223|['14', '15', '16', '17', '18']|0|0|sports|0|0|3195|https://www.nslcleaders.org/youth-leadership-programs/sports-management/?utm_source=teenlife
224|['14', '15', '16', '17', '18']|0|0|arts|0|0|3195|https://www.nslcleaders.org/youth-leadership-programs/theater/?utm_source=teenlife
225|['14', '15', '16', '17', '18']|0|0|stem|0|0|3295|https://www.nslcleaders.org/youth-leadership-programs/veterinary-medicine/?utm_source=teenlife
226|['12', '13', '14', '15', '16', '17', '18']|0|0|academic|0|0|2595|http://www.nslcleaders.org/high-school-summer-programs/?utm_source=teenlife
227|['13', '14', '15', '16', '17', '18']|0|0|outdoor adventure|united states|san francisco ca|1285|http://www.naturebridge.org/summerbackpacking?utm_source=teenlife
228|['15', '16', '17']|1082020|75|arts|united states|new york ny|11000|https://tisch.nyu.edu/special-programs/high-school-programs/tisch-summer-high-school?utm_source=teenlife
229|['16', '17', '18', '19', '19']|0|65|outdoor adventure|united states|0|4665|https://www.nols.edu/en/coursefinder/courses/absaroka-backpacking-ABW/?utm_source=teenlife
230|['14', '15']|0|65|outdoor adventure|united states|0|3725|http://www.nols.edu?utm_source=teenlife
231|['14', '15']|0|65|outdoor adventure|united states|0|5125|http://www.nols.edu?utm_source=teenlife
232|['16', '17']|0|65|outdoor adventure|united states|0|4625|https://www.nols.edu/en/coursefinder/courses/adirondack-canoeing-expedition-16-and-17-only-ACE2/?utm_source=teenlife
233|['14', '15']|0|65|outdoor adventure|united states|0|3725|https://www.nols.edu/en/coursefinder/courses/girls-adirondack-backpacking-adventure-ADKF/?utm_source=teenlife
234|['16', '17', '18', '19', '19']|0|65|outdoor adventure|united states|0|5850|https://www.nols.edu/en/coursefinder/courses/alaska-backpacking-and-sea-kayaking-AKX1/?utm_source=teenlife
235|['16', '17', '18', '19', '19']|0|65|outdoor adventure|united states|0|4925|https://www.nols.edu/en/coursefinder/courses/alaska-backpacking-AKW1/?utm_source=teenlife
236|['17', '18', '19', '19']|0|65|outdoor adventure|united states|0|6875|https://www.nols.edu/en/coursefinder/courses/alaska-mountaineering-AKM/?utm_source=teenlife
237|['14', '15']|0|65|outdoor adventure|united states|0|3725|https://www.nols.edu?utm_source=teenlife
238|['14', '15']|0|65|outdoor adventure|united states|0|3725|https://www.nols.edu/en/coursefinder/courses/idaho-girls-backpacking-adventure-ADOF/?utm_source=teenlife
239|['16', '17', '18', '19', '19']|0|65|career exploration and leadership|united states|0|450|http://www.nols.edu?utm_source=teenlife
240|['17', '18', '19', '19']|0|65|outdoor adventure|united states|0|5040|https://www.nols.edu/en/coursefinder/courses/north-cascades-mountaineering-NCM/?utm_source=teenlife
241|['14', '15']|0|65|outdoor adventure|united states|0|3725|http://www.nols.edu?utm_source=teenlife
242|['16', '17', '18', '19', '19']|0|65|outdoor adventure|united states|0|4705|https://www.nols.edu/en/coursefinder/courses/pacific-northwest-backpacking-NCW/?utm_source=teenlife
243|['14', '15']|0|65|outdoor adventure|united states|0|3725|https://www.nols.edu/en/coursefinder/courses/pacific-northwest-girls-backpacking-adventure-ADPF/?utm_source=teenlife
244|['17', '18', '19', '19']|0|65|outdoor adventure|united states|0|7125|https://www.nols.edu/en/coursefinder/courses/pacific-northwest-mountaineering-and-sailing-PNX/?utm_source=teenlife
245|['16', '17', '18', '19', '19']|0|65|outdoor adventure|united states|0|4675|https://www.nols.edu/en/coursefinder/courses/pacific-northwest-sea-kayaking-SKP/?utm_source=teenlife
246|['16', '17', '18', '19', '19']|0|65|outdoor adventure|united states|0|6600|https://www.nols.edu/en/coursefinder/courses/rock-and-river-RAR/?utm_source=teenlife
247|['16', '17']|0|65|outdoor adventure|united states|0|4975|https://www.nols.edu/en/coursefinder/courses/rock-climbing-21-day-16-and-17-only-ROC2/?utm_source=teenlife
248|['14', '15']|0|65|outdoor adventure|united states|0|6675|https://www.nols.edu?utm_source=teenlife
249|['16', '17', '18', '19', '19']|0|65|outdoor adventure|united states|0|6300|https://www.nols.edu/en/coursefinder/courses/salmon-backpacking-and-rafting-IDA/?utm_source=teenlife
250|['17', '18', '19', '19']|0|65|outdoor adventure|united states|0|12425|https://nols.edu/en/coursefinder/courses/summer-semester-in-alaska-SAK/?utm_source=teenlife
251|['17', '18', '19', '19']|0|65|outdoor adventure|canada|0|10100|https://nols.edu/en/coursefinder/courses/summer-semester-in-the-yukon-YSS/?utm_source=teenlife
252|['17', '18', '19', '19']|0|65|outdoor adventure|united states|0|6150|http://www.nols.edu?utm_source=teenlife
253|['16', '17', '18', '19', '19']|0|65|outdoor adventure|united states|0|4380|https://www.nols.edu/en/coursefinder/courses/whitewater-river-expedition-WWE/?utm_source=teenlife
254|['16', '17', '18', '19', '19']|0|65|outdoor adventure|0|0|5895|https://www.nols.edu/en/coursefinder/courses/wilderness-horsepacking-HOS/?utm_source=teenlife
255|['16', '17', '18', '19', '19']|0|65|outdoor adventure|united states|0|5100|https://nols.edu/en/coursefinder/courses/wind-river-mountaineering-WMT/?state=WY
256|['16', '17', '18', '19', '19']|0|65|outdoor adventure|united states|0|3710|https://nols.edu/en/coursefinder/courses/wind-river-service-expedition-WSV/?state=WY
257|['16', '17', '18', '19', '19']|0|65|outdoor adventure|united states|0|4840|https://www.nols.edu/en/coursefinder/courses/wind-river-wilderness-WRW1/?utm_source=teenlife
258|['14', '15']|0|65|outdoor adventure|united states|0|5775|https://www.nols.edu?utm_source=teenlife
259|['16', '17', '18', '19', '19']|0|65|outdoor adventure|canada|0|5350|https://www.nols.edu/en/coursefinder/courses/yukon-backpacking-and-wilderness-canoe-YHC/?utm_source=teenlife
260|['16', '17', '18', '19', '19']|0|65|outdoor adventure|canada|0|4715|https://www.nols.edu/en/coursefinder/courses/yukon-backpacking-CWY/?utm_source=teenlife
261|['17', '18', '19', '19']|0|0|outdoor adventure|0|0|6500|http://www.nols.edu?utm_source=teenlife
262|0|4302019|60|academic|0|evanston il|0|https://sps.northwestern.edu/college-preparation/?utm_source=teenlife
263|['15', '16', '17']|3152020|25|stem|0|davie fl|1400|http://www.nova.edu/aimhigh?utm_source=teenlife
264|['15', '16', '17', '18', '19', '19']|5012020|0|arts|0|los angeles ca|1547|http://www.otis.edu/soa?utm_source=teenlife
265|['14', '15', '16', '17', '18', '19', '19']|7012017|0|travelcultural immersion|['costa rica', 'panama']|san ramon de tres rios costa rica|2800|http://outwardboundcostarica.org?utm_source=teenlife
266|['12', '13', '14', '15', '16', '17', '18', '19', '19']|0|150|outdoor adventure|['argentina', 'bahamas', 'brazil', 'canada', 'costa rica', 'ecuador', 'india', 'multiple locations', 'peru', 'united states']|multiple locations united states|1121|http://www.outwardbound.org?utm_source=teenlife
267|['12', '13', '14', '15', '16', '17', '18', '19', '19']|0|350|travelcultural immersion|['australia', 'austria', 'belgium', 'cambodia', 'china', 'costa rica', 'croatia', 'czech republic', 'egypt', 'estonia', 'fiji', 'france', 'germany', 'greece', 'hungary', 'iceland', 'ireland', 'italy', 'japan', 'multiple locations', 'netherlands', 'new zealand', 'poland', 'scotland', 'south africa', 'spain', 'switzerland', 'united kingdom', 'united states', 'vietnam', 'wales']|newburyport ma|3500|https://www.peopletopeople.com?utm_source=teenlife
268|['14', '15']|12152018|0|stem|united states|andover ma|0|https://www.andover.edu/about/outreach/ms2?utm_source=teenlife
269|['15', '16', '17', '18', '19']|0|0|academic|0|monroe township nj|6355|http://pioneeracademics.com/?utm_source=teenlife
270|['16', '17']|1152020|70|academic|0|new haven ct|6300|https://globalscholars.yale.edu?utm_source=teenlife
271|['15', '16', '17', '18']|3312020|0|travelcultural immersion|cuba|havana cuba|5950|https://cetacademicprograms.com/high-school/programs/latin-america/cuba-global/?utm_source=teenlife
272|['15', '16', '17', '18']|3312020|0|travelcultural immersion|italy|florence italy|6990|https://cetacademicprograms.com/high-school/programs/europe/florence-global/?utm_source=teenlife
273|['15', '16', '17', '18']|3152020|60|academic|0|los angeles ca|4800|http://summer.lmu.edu?utm_source=teenlife
274|['15', '16', '17']|0|35|stem|0|amherst ma|3145|https://www.umass.edu/summer/programs/academic-programs/video-games-worldbuilding?utm_source=teenlife
275|['17', '18', '19', '19']|5052020|0|community service|costa rica|london united kingdom|3100|https://raleighinternational.org/volunteer/?utm_source=teenlife
276|['17', '18', '19', '19']|5272020|0|community service|nepal|london united kingdom|3100|https://raleighinternational.org/volunteer/?utm_source=teenlife
277|['17', '18', '19', '19']|5252020|0|community service|tanzania|london united kingdom|3100|http://www.raleighinternational.org/volunteer?utm_source=teenlife
278|['17', '18', '19']|5052020|0|community service|['costa rica', 'nepal', 'tanzania']|london united kingdom|3100|http://www.raleighinternational.org?utm_source=teenlife
279|['15', '16', '17', '18', '19', '19']|0|0|stem|['saudi arabia', 'united states']|torrance ca|2200|https://stemcellpath.com/courses/regenerative-medicine-and-disease-modeling/?utm_source=teenlife
280|['12', '13', '14', '15']|5012020|0|outdoor adventure|0|brevard nc|3900|https://www.rockbrookcamp.com/?utm_source=teenlife
281|['13', '14', '15', '16', '17', '18', '19', '19']|0|0|sports|virgin islands brit|northport ny|3995|https://www.sailcaribbean.com/adventures/?utm_source=teenlife
282|['14', '15', '16', '17', '18']|0|25|academic|0|los angeles ca|3350|https://sciarc.edu/academics/summer-programs/design-immersion-days?utm_source=teenlife
283|['14', '15', '16', '17', '18']|0|0|arts|0|novato ca|1250|http://www.usperformingarts.com?utm_source=teenlife
284|['15', '16', '17', '18']|0|45|outdoor adventure|united states|woods hole ma|4900|https://www.sea.edu/high_school_programs?utm_source=teenlife
285|['13', '14', '15', '16', '17', '18', '19']|6062020|0|arts|united states|new york ny|995|http://www.socapa.org/teen-camps/acting-camps/?utm_source=teenlife
286|['13', '14', '15', '16', '17', '18', '19']|6062020|0|arts|united states|new york ny|995|http://www.socapa.org/teen-camps/dance-camps/?utm_source=teenlife
287|['12', '13', '14', '15', '16', '17']|6012020|0|sports|0|east burke vt|795|http://www.socapa.org/bike-camps/?utm_source=teenlife
288|['13', '14', '15', '16', '17', '18', '19']|6062020|0|arts|united states|new york ny|995|http://www.socapa.org/teen-camps/music-camps/?utm_source=teenlife
289|['13', '14', '15', '16', '17', '18', '19']|6062020|0|arts|0|new york ny|995|http://www.socapa.org?utm_source=teenlife
290|['14', '15', '16', '17', '18']|5012019|0|language|['argentina', 'costa rica', 'mexico', 'spain']|0|1995|http://www.solabroad.com?utm_source=teenlife
291|['14', '15', '16', '17', '18']|5012019|0|language|argentina|0|2795|http://www.solabroad.com/programs/argentina/argentina.html?utm_source=teenlife
292|['13', '14', '15', '16', '17', '18']|5012019|0|language|costa rica|0|2595|https://www.solabroad.com/costa-rica?utm_source=teenlife
293|['14', '15', '16', '17', '18']|5012019|0|language|mexico|0|1995|https://www.solabroad.com/mexico?utm_source=teenlife
294|['14', '15', '16', '17', '18']|5012019|0|language|spain|0|2995|https://www.solabroad.com/spain?utm_source=teenlife
295|['16', '17']|1152020|70|academic|0|new haven ct|6300|https://globalscholars.yale.edu?utm_source=teenlife
296|['15', '16', '17', '18']|3162020|50|academic|0|new york ny|4995|https://www.sothebysinstitute.com/nyc-summer-institute/courses/architecture-urban-planning-industrial-design?utm_source=teenlife
297|['15', '16', '17', '18']|3162020|50|academic|0|new york ny|4995|https://www.sothebysinstitute.com/nyc-summer-institute/courses/art-luxury-fashion?utm_source=teenlife
298|['15', '16', '17', '18']|3162020|50|academic|0|new york ny|4995|https://www.sothebysinstitute.com/nyc-summer-institute/courses/art-business?utm_source=teenlife
299|['15', '16', '17', '18']|3162020|0|academic|0|new york ny|4995|https://www.sothebysinstitute.com/nyc-summer-institute/courses/art-history-art-business-art-new-york?utm_source=teenlife
300|['15', '16', '17', '18']|3162020|50|academic|0|new york ny|4995|https://www.sothebysinstitute.com/nyc-summer-institute/courses/art-history-art-conservation-art-appraisal?utm_source=teenlife
301|['15', '16', '17', '18']|3162020|50|academic|0|new york ny|4995|https://www.sothebysinstitute.com/nyc-summer-institute/courses/art-history?utm_source=teenlife
302|['15', '16', '17', '18']|3162020|50|academic|0|new york ny|4995|https://www.sothebysinstitute.com/nyc-summer-institute/courses/art-world-marketing-pr-and-communications?utm_source=teenlife
303|['15', '16', '17', '18']|3162020|50|academic|0|new york ny|4995|https://www.sothebysinstitute.com/nyc-summer-institute/courses/art-writing?utm_source=teenlife
304|['15', '16', '17', '18']|3162020|50|academic|0|new york ny|4995|https://www.sothebysinstitute.com/nyc-summer-institute/courses/gems-and-jewelry?utm_source=teenlife
305|['15', '16', '17', '18']|3162020|0|academic|0|new york ny|4995|https://www.sothebysinstitute.com/nyc-summer-institute/courses/museums-galleries-auction-houses?utm_source=teenlife
306|['15', '16', '17', '18']|3162020|0|academic|0|new york ny|4995|https://www.sothebysinstitute.com/nyc-summer-institute/?utm_source=teenlife
307|['15', '16', '17', '18']|3162020|50|academic|0|new york ny|4995|https://www.sothebysinstitute.com/nyc-summer-institute/courses/painting-and-drawing?utm_source=teenlife
308|['15', '16', '17', '18']|3162020|50|academic|0|new york ny|4995|https://www.sothebysinstitute.com/nyc-summer-institute/courses/photography?utm_source=teenlife
309|['15', '16', '17', '18']|3162020|50|academic|0|new york ny|4995|https://www.sothebysinstitute.com/nyc-summer-institute/courses/stolen-forged-and-looted-intro-to-art-crime?utm_source=teenlife
310|['15', '16', '17', '18']|3162020|50|academic|0|new york ny|4995|https://www.sothebysinstitute.com/nyc-summer-institute/courses/the-modern-museum?utm_source=teenlife
311|['15', '16', '17', '18']|5012020|0|academic|0|annapolis md|1100|https://www.sjc.edu/summer-academy?utm_source=teenlife
312|['15', '16', '17', '18']|5012020|0|academic|0|santa fe nm|1100|https://www.sjc.edu/summer-academy?utm_source=teenlife
313|['14', '15']|0|0|stem|0|stanford ca|6500|https://ai4all.spcs.stanford.edu/?utm_source=teenlife
314|['15', '16', '17', '18']|0|0|stem|0|stanford ca|0|http://smysp.stanford.edu/?utm_source=teenlife
315|['13', '14', '15', '16', '17']|0|65|academic|0|stanford ca|7500|https://summerinstitutes.spcs.stanford.edu?utm_source=teenlife
316|['15', '16', '17', '18', '19', '19']|4302019|0|stem|0|torrance ca|7500|https://stemcellpath.com/courses/stem-cell-research-internship/?utm_source=teenlife
317|['17', '18', '19', '19']|0|120|community service|['argentina', 'belize', 'cambodia', 'cameroon', 'chile', 'china', 'colombia', 'costa rica', 'ecuador', 'galapagos islands', 'ghana', 'guatemala', 'honduras', 'india', 'kenya', 'mongolia', 'multiple locations', 'nepal', 'peru', 'rwanda', 'south africa', 'sri lanka', 'tanzania', 'uganda', 'vietnam', 'zambia']|elkins park pa|745|https://www.abroaderview.org?utm_source=teenlife
318|['14', '15', '16', '17', '18']|0|100|stem|united states|boulder co|5999|http://www.summerdiscovery.com/cu-boulder-stem?utm_source=teenlife
319|['15', '16', '17', '18']|0|0|academic|0|ann arbor mi|5199|https://www.summerdiscovery.com/u-michigan?utm_source=teenlife
320|['16', '17', '18', '19']|3012020|20|jewish|0|new york ny|2000|http://www.bronfmancenter.org/summer-excelerator?utm_source=teenlife
321|['15', '16', '17']|2202019|0|jewish|hungary|new york ny|4300|http://www.szarvas.org/?utm_source=teenlife
322|['14', '15', '16', '17']|0|0|travelcultural immersion|0|cambria ca|1500|http://campoceanpines.org/teen-trips?utm_source=teenlife
323|['15', '16', '17', '18']|3162020|50|academic|united states|new york ny|5225|https://www.nytedu.com/courses/pre-college/a-million-lives-in-the-law/?utm_source=teenlife
324|['15', '16', '17', '18']|3242019|50|academic|united states|new york ny|5225|https://www.nytedu.com/courses/pre-college/creative-writing/?utm_source=teenlife
325|['15', '16', '17', '18']|3242019|50|academic|united states|washington dc|5225|https://nytedu.com/courses/pre-college/dc-reporting-the-political-beat/?utm_source=teenlife
326|['15', '16', '17', '18']|3162020|50|academic|0|washington dc|5225|https://nytedu.com/pre-college/summer-academy/dc/?utm_source=teenlife
327|['16', '17', '18']|3202020|50|academic|united states|washington dc|5225|https://nytedu.com/courses/pre-college/diverse-voices-in-political-reporting/?utm_source=teenlife
328|['15', '16', '17', '18']|3162020|50|academic|united states|new york ny|5225|https://nytedu.com/courses/pre-college/diverse-voices-in-reporting/?utm_source=teenlife
329|['15', '16', '17', '18']|3162020|50|academic|united states|new york ny|5225|https://nytedu.com/courses/pre-college/diy-filmmaking/?utm_source=teenlife
330|['15', '16', '17', '18']|3162020|50|academic|united states|washington dc|5225|https://nytedu.com/courses/pre-college/election-2020/?utm_source=teenlife
331|['15', '16', '17', '18']|3162020|50|academic|united states|new york ny|5225|https://www.nytedu.com/courses/pre-college/entrepreneurship-for-social-impact/?utm_source=teenlife
332|['15', '16', '17', '18']|3162020|50|academic|united states|new york ny|5225|https://www.nytedu.com/courses/pre-college/expressions-of-the-city/?utm_source=teenlife
333|['15', '16', '17', '18']|3162020|50|academic|united states|new york ny|5225|https://www.nytedu.com/courses/pre-college/fashion-photography-film/?utm_source=teenlife
334|['16', '17', '18']|3162020|50|academic|united states|new york ny|5225|https://nytedu.com/courses/pre-college/fundamentals-of-editing-producing-the-paper/?utm_source=teenlife
335|['16', '17', '18']|3162020|50|academic|united states|new york ny|5225|https://nytedu.com/courses/pre-college/gender-sexuality-identity-in-new-york/?utm_source=teenlife
336|['15', '16', '17', '18']|3162020|50|academic|united states|washington dc|5225|https://nytedu.com/courses/pre-college/government-law-ethics/?utm_source=teenlife
337|['15', '16', '17', '18']|3162020|50|academic|0|new york ny|5225|https://www.nytedu.com/courses/pre-college/immigration-in-new-york-law-journalism-culture/?utm_source=teenlife
338|['15', '16', '17', '18']|3162020|50|academic|united states|new york ny|5225|https://www.nytedu.com/courses/pre-college/inside-the-un-journalism-law/?utm_source=teenlife
339|['15', '16', '17', '18']|3162020|50|academic|united states|new york ny|5225|https://www.nytedu.com/courses/pre-college/inside-the-un/?utm_source=teenlife
340|['15', '16', '17', '18']|3162020|50|academic|0|washington dc|5225|https://www.nytedu.com/courses/pre-college/international-relations-development/?utm_source=teenlife
341|['15', '16', '17', '18']|3162020|50|academic|united states|new york ny|5225|https://www.nytedu.com/courses/pre-college/introduction-to-investigative-journalism/?utm_source=teenlife
342|['15', '16', '17', '18']|3162020|50|academic|united states|new york ny|5225|https://nytedu.com/courses/pre-college/limited-edition-streetwear-sneakers-and-the-hype-fashion-market/?utm_source=teenlife
343|['15', '16', '17', '18']|3162020|50|academic|united states|new york ny|5225|https://nytedu.com/courses/pre-college/new-york-theater-and-food-culture/?utm_source=teenlife
344|['15', '16', '17', '18']|3162020|50|academic|united states|new york ny|5225|https://nytedu.com/pre-college/summer-academy/nyc/?utm_source=teenlife
345|['15', '16', '17', '18']|3162020|50|academic|united states|new york ny|5225|https://www.nytedu.com/courses/pre-college/opinion-writing/?utm_source=teenlife
346|['15', '16', '17', '18']|3202020|50|academic|united states|new york ny|5225|https://nytedu.com/courses/pre-college/photography-pop-music/?utm_source=teenlife
347|['15', '16', '17', '18']|3162020|50|academic|united states|new york ny|5225|https://www.nytedu.com/courses/pre-college/photojournalism-as-art/?utm_source=teenlife
348|['15', '16', '17', '18']|3162020|50|academic|united states|washington dc|5225|https://www.nytedu.com/courses/pre-college/photojournalism/?utm_source=teenlife
349|['16', '17', '18']|3162020|50|academic|united states|washington dc|5225|https://nytedu.com/courses/pre-college/political-commentary/?utm_source=teenlife
350|['16', '17', '18']|3162020|50|academic|united states|washington dc|5225|https://nytedu.com/courses/pre-college/politics-and-the-press/?utm_source=teenlife
351|['15', '16', '17', '18']|3162020|50|academic|united states|new york ny|5225|https://www.nytedu.com/courses/pre-college/pop-music-as-art-and-business/?utm_source=teenlife
352|['15', '16', '17', '18']|3162020|50|academic|united states|washington dc|5225|https://www.nytedu.com/courses/pre-college/public-policy-activism/?utm_source=teenlife
353|['15', '16', '17', '18']|3162020|50|academic|united states|washington dc|5225|https://www.nytedu.com/courses/pre-college/secrets-leaks-and-whistleblowers-reporting-on-national-security/?utm_source=teenlife
354|['15', '16', '17', '18']|3162020|50|sports|united states|new york ny|5225|https://www.nytedu.com/courses/pre-college/sports-management/?utm_source=teenlife
355|['15', '16', '17', '18']|3162020|50|academic|united states|new york ny|5225|https://www.nytedu.com/courses/pre-college/sports-storytelling/?utm_source=teenlife
356|['15', '16', '17', '18']|3162020|50|academic|united states|new york ny|5225|https://www.nytedu.com/pre-college/summer-academy/?utm_source=teenlife
357|['15', '16', '17', '18']|3162020|50|academic|united states|new york ny|5225|https://www.nytedu.com/courses/pre-college/tech-for-good-designing-ethical-innovations/?utm_source=teenlife
358|['16', '17', '18']|3162020|50|academic|united states|new york ny|5225|https://www.nytedu.com/courses/pre-college/the-city-as-muse/?utm_source=teenlife
359|['16', '17', '18']|3162020|50|academic|united states|new york ny|5225|https://nytedu.com/courses/pre-college/the-foreign-correspondent-global-reporting/?utm_source=teenlife
360|['16', '17', '18']|3162020|50|academic|united states|new york ny|5225|https://www.nytedu.com/courses/pre-college/the-future-of-fashion/?utm_source=teenlife
361|['15', '16', '17', '18']|3162020|50|academic|0|new york ny|5225|https://www.nytedu.com/courses/pre-college/the-numbers-game-sports-statistics/?utm_source=teenlife
362|['15', '16', '17', '18']|3162020|50|academic|united states|new york ny|5225|https://nytedu.com/courses/pre-college/travel-photography-food-culture/?utm_source=teenlife
363|['15', '16', '17', '18']|3162020|50|academic|united states|new york ny|5225|https://www.nytedu.com/courses/pre-college/visual-storytelling/?utm_source=teenlife
364|['15', '16', '17', '18']|3162020|50|academic|united states|new york ny|5225|https://www.nytedu.com/courses/pre-college/writing-about-youth-culture-race-identity-and-social-behavior/?utm_source=teenlife
365|['15', '16', '17', '18']|3162020|50|academic|united states|new york ny|5225|https://www.nytedu.com/courses/pre-college/writing-for-film/?utm_source=teenlife
366|['16', '17', '18']|3162020|50|academic|united states|new york ny|5225|https://www.nytedu.com/courses/pre-college/writing-for-television-inside-the-writers-room/?utm_source=teenlife
367|['15', '16', '17', '18']|3162020|50|academic|united states|new york ny|5225|https://www.nytedu.com/courses/pre-college/writing-the-big-city-reporting-in-new-york/?utm_source=teenlife
368|['15', '16', '17', '18']|0|100|community service|hawaii|multiple locations multiple locations|3995|http://www.go.travelforteens.com/VVTLASA2?utm_source=teenlife
369|['15', '16', '17', '18']|0|100|travelcultural immersion|['france', 'italy', 'switzerland']|multiple locations multiple locations|3495|http://www.go.travelforteens.com/VVTLALPWebsite?utm_source=teenlife
370|['15', '16', '17', '18']|0|100|travelcultural immersion|['belgium', 'france', 'netherlands']|multiple locations multiple locations|4495|http://www.go.travelforteens.com/VVTLABPWebsite?utm_source=teenlife
371|0|0|0|community service|['australia', 'hawaii']|multiple locations multiple locations|7795|http://www.go.travelforteens.com/VVTLHSTSOZWebsite?utm_source=teenlife
372|['17', '18']|0|0|travelcultural immersion|['australia', 'new zealand']|multiple locations multiple locations|7395|http://www.go.travelforteens.com/VVTLOTOZNZWebsite?utm_source=teenlife
373|['15', '16', '17', '18']|0|100|travelcultural immersion|['australia', 'new zealand']|multiple locations multiple locations|5985|http://www.go.travelforteens.com/VVTLOZWebsite?utm_source=teenlife
374|['17', '18']|0|0|travelcultural immersion|australia|0|3995|http://www.go.travelforteens.com/VVTLOTOZWebsite?utm_source=teenlife
375|0|0|0|community service|['australia', 'fiji', 'new zealand']|0|8195|http://www.go.travelforteens.com/VVTLFJSAOZNZWebsite?utm_source=teenlife
376|0|0|0|community service|australia|0|4995|http://www.go.travelforteens.com/VVTLOZSAWebsite?utm_source=teenlife
377|0|0|0|community service|bali|0|4895|http://www.go.travelforteens.com/VVTLBHCWebsite?utm_source=teenlife
378|['15', '16', '17', '18']|0|0|community service|bali|multiple locations multiple locations|3295|http://www.go.travelforteens.com/VVTLBSAWebsite?utm_source=teenlife
379|['15', '16', '17', '18']|0|0|community service|bali|0|5295|http://www.go.travelforteens.com/VVTLBUSAWebsite?utm_source=teenlife
380|['15', '16', '17', '18']|0|100|travelcultural immersion|['france', 'spain']|multiple locations multiple locations|3495|http://www.go.travelforteens.com/VVTLBPWebsite?utm_source=teenlife
381|['15', '16', '17', '18']|0|100|travelcultural immersion|spain|multiple locations multiple locations|1795|http://www.go.travelforteens.com/VVTLBEWebsite?utm_source=teenlife
382|['15', '16', '17', '18']|0|100|travelcultural immersion|['france', 'germany', 'united kingdom']|multiple locations multiple locations|4495|http://www.go.travelforteens.com/VVTLBPLWebsite?utm_source=teenlife
383|['12', '13', '14', '15', '16', '17']|0|100|travelcultural immersion|['czech republic', 'hungary', 'poland']|multiple locations multiple locations|4295|http://www.go.travelforteens.com/VVTLEEWebsite?utm_source=teenlife
384|['15', '16', '17', '18']|0|101|travelcultural immersion|canada|0|3795|http://www.go.travelforteens.com/VVTLNACanada11Website?utm_source=teenlife
385|['15', '16', '17', '18']|5012018|100|travelcultural immersion|china|multiple locations multiple locations|4895|http://www.go.travelforteens.com/VVTLCHWebsite?utm_source=teenlife
386|['13', '14', '15', '16', '17', '18', '19']|0|0|community service|0|wayne pa|2395|https://www.travelforteens.com/programs/?programType=community-service
387|['15', '16', '17', '18']|5012018|100|community service|costa rica|multiple locations multiple locations|3295|http://www.go.travelforteens.com/VVTLCRSL2Website?utm_source=teenlife
388|['15', '16', '17', '18']|0|100|language|costa rica|0|5895|http://www.go.travelforteens.com/VVTLCRSL1Website?utm_source=teenlife
389|['15', '16', '17']|0|100|community service|costa rica|multiple locations multiple locations|5895|http://www.go.travelforteens.com/VVTLCRUAWebsite?utm_source=teenlife
390|['15', '16', '17']|0|100|travelcultural immersion|['costa rica', 'nicaragua']|0|3295|http://www.go.travelforteens.com/VVTLCRNWebsite?utm_source=teenlife
391|['15', '16', '17', '18']|0|100|community service|costa rica|multiple locations multiple locations|3295|http://www.go.travelforteens.com/VVTLCRASWebsite?utm_source=teenlife
392|['15', '16', '17', '18']|0|100|community service|costa rica|0|5695|http://www.go.travelforteens.com/VVTLCRARWebsite?utm_source=teenlife
393|['17', '18']|0|100|travelcultural immersion|costa rica|0|3295|http://www.go.travelforteens.com/VVTLCASWebsite?utm_source=teenlife
394|['17', '18']|0|100|community service|costa rica|0|3295|http://www.go.travelforteens.com/VVTLCASWebsite?utm_source=teenlife
395|['17', '18']|0|100|community service|costa rica|0|5895|http://www.go.travelforteens.com/VVTLCUAWebsite?utm_source=teenlife
396|['13', '14']|0|100|travelcultural immersion|costa rica|0|3295|http://www.go.travelforteens.com/VVTLCYTWebsite?utm_source=teenlife
397|['15', '16', '17', '18']|0|100|community service|costa rica|0|3295|http://www.go.travelforteens.com/VVTLCSTSWebsite?utm_source=teenlife
398|['15', '16', '17', '18']|0|100|community service|costa rica|multiple locations multiple locations|2595|http://www.go.travelforteens.com/VVTLCRSSWebsite?utm_source=teenlife
399|['12', '13', '14', '15', '16', '17']|0|100|travelcultural immersion|croatia|multiple locations croatia|4195|http://www.go.travelforteens.com/VVTLCDWebsite?utm_source=teenlife
400|['15', '16', '17', '18']|0|100|community service|['ecuador', 'galapagos islands']|0|3995|http://www.go.travelforteens.com/VVTLEGWebsite?utm_source=teenlife
401|['15', '16', '17', '18']|0|0|community service|ecuador|wayne pa|6995|https://www.travelforteens.com/teen-tours/ecuador-galapagos-amazon-adventure-service/?utm_source=teenlife
402|['15', '16', '17', '18']|0|100|community service|['ecuador', 'galapagos islands']|multiple locations multiple locations|6995|http://www.go.travelforteens.com/VVTLEGAWebsite?utm_source=teenlife
403|['17', '18']|0|100|travelcultural immersion|['germany', 'italy', 'netherlands', 'switzerland']|multiple locations multiple locations|4095|http://www.go.travelforteens.com/VVTLAMSVWebsite?utm_source=teenlife
404|0|0|0|travelcultural immersion|['austria', 'germany', 'hungary', 'poland']|0|4095|http://www.go.travelforteens.com/VVTLBKVOTWebsite?utm_source=teenlife
405|['12', '13', '14', '15', '16', '17']|0|100|travelcultural immersion|['france', 'italy', 'switzerland']|0|4095|http://www.go.travelforteens.com/VVTLFCSPWebsite?utm_source=teenlife
406|['17', '18']|0|100|travelcultural immersion|['greece', 'italy']|0|4295|http://www.go.travelforteens.com/VVTLOTGRIWebsite?utm_source=teenlife
407|['17', '18']|0|100|travelcultural immersion|greece|0|4495|http://www.go.travelforteens.com/VVTLGRIHWebsite?utm_source=teenlife
408|['17', '18']|0|100|travelcultural immersion|['greece', 'italy']|0|7995|http://www.go.travelforteens.com/VVTLGRIIWebsite?utm_source=teenlife
409|0|0|0|travelcultural immersion|iceland|0|4995|http://www.go.travelforteens.com/VVTLAIDOTWebsite?utm_source=teenlife
410|0|0|0|travelcultural immersion|['france', 'spain', 'united kingdom']|0|4095|http://www.go.travelforteens.com/VVTLLFBOTWebsite?utm_source=teenlife
411|['17', '18']|0|100|travelcultural immersion|['austria', 'croatia', 'czech republic', 'slovenia']|0|4695|http://www.go.travelforteens.com/VVTLPASCWebsite?utm_source=teenlife
412|0|0|0|travelcultural immersion|['portugal', 'spain']|0|3995|http://www.go.travelforteens.com/VVTLSPOTWebsite?utm_source=teenlife
413|['17', '18']|0|100|travelcultural immersion|['morocco', 'portugal', 'spain']|0|5195|http://www.go.travelforteens.com/VVTLSPMWebsite?utm_source=teenlife
414|['17', '18']|0|100|travelcultural immersion|['germany', 'italy', 'netherlands', 'switzerland', 'united kingdom']|0|7595|http://www.go.travelforteens.com/VVTLOTUE21Website?utm_source=teenlife
415|['17', '18']|0|100|travelcultural immersion|['france', 'germany', 'italy', 'netherlands', 'spain', 'switzerland', 'united kingdom']|0|9795|http://www.go.travelforteens.com/VVTLOTUE30Website?utm_source=teenlife
416|['13', '14']|0|100|travelcultural immersion|['france', 'united kingdom']|0|3495|http://www.go.travelforteens.com/VVTLPLYTWebsite?utm_source=teenlife
417|['13', '14']|0|100|travelcultural immersion|italy|0|3795|http://www.go.travelforteens.com/VVTLCIAOWebsite?utm_source=teenlife
418|['13', '14']|0|100|travelcultural immersion|spain|0|3195|http://www.go.travelforteens.com/VVTLSYTWebsite?utm_source=teenlife
419|['13', '14']|0|100|travelcultural immersion|ireland|multiple locations multiple locations|3295|http://www.go.travelforteens.com/VVTLIRYTWebsite?utm_source=teenlife
420|['15', '16', '17', '18']|0|100|travelcultural immersion|fiji|0|5195|http://www.go.travelforteens.com/VVTLFJSWebsite?utm_source=teenlife
421|['15', '16', '18', '19']|0|100|community service|fiji|multiple locations multiple locations|3895|http://www.go.travelforteens.com/VVTLFJ13Website?utm_source=teenlife
422|['15', '16', '17', '18']|0|100|community service|fiji|0|4795|http://www.go.travelforteens.com/VVTLFJ17Website?utm_source=teenlife
423|['15', '16', '17']|0|100|language|france|multiple locations multiple locations|4795|http://www.go.travelforteens.com/VVTLFL13Website?utm_source=teenlife
424|['15', '16', '17', '18']|0|100|language|france|0|6695|http://www.go.travelforteens.com/VVTLFL21Website?utm_source=teenlife
425|['15', '16', '17', '18']|0|100|travelcultural immersion|france|multiple locations multiple locations|4395|http://www.go.travelforteens.com/VVTLPSOFWebsite?utm_source=teenlife
426|['15', '16', '17', '18']|0|100|travelcultural immersion|['czech republic', 'germany']|0|4395|http://www.go.travelforteens.com/VVTLMPBWebsite?utm_source=teenlife
427|['15', '16']|0|100|travelcultural immersion|greece|0|4495|http://www.go.travelforteens.com/VVTLGAIWebsite?utm_source=teenlife
428|['15', '16', '17', '18']|0|100|community service|['greece', 'italy']|0|4495|http://www.go.travelforteens.com/VVTLGRICSWebsite?utm_source=teenlife
429|['15', '16']|0|100|travelcultural immersion|['greece', 'italy']|0|4495|http://www.go.travelforteens.com/VVTLGRIWebsite?utm_source=teenlife
430|['15', '16', '17', '18']|0|100|community service|hawaii|0|7195|http://www.go.travelforteens.com/VVTLHASAWebsite?utm_source=teenlife
431|['15', '16', '17', '18']|0|100|community service|hawaii|0|3795|http://www.go.travelforteens.com/VVTLHSTSWebsite?utm_source=teenlife
432|['15', '16', '17', '18']|0|100|community service|0|0|6995|http://www.go.travelforteens.com/VVTLHUASWebsite?utm_source=teenlife
433|['15', '16', '17', '18']|0|100|travelcultural immersion|iceland|0|4995|http://www.go.travelforteens.com/VVTLIADWebsite?utm_source=teenlife
434|['15', '16', '17', '18']|0|100|travelcultural immersion|italy|0|2495|http://www.go.travelforteens.com/VVTLSAMWebsite?utm_source=teenlife
435|['15', '16', '17', '18']|0|100|travelcultural immersion|italy|0|3195|http://www.go.travelforteens.com/VVTLSICWebsite?utm_source=teenlife
436|['15', '16', '17', '18']|0|100|travelcultural immersion|italy|multiple locations multiple locations|4495|http://www.go.travelforteens.com/VVTLITWebsite?utm_source=teenlife
437|['15', '16', '17', '18']|0|100|community service|italy|0|4195|http://www.go.travelforteens.com/VVTLISAWebsite?utm_source=teenlife
438|['15', '16']|0|100|travelcultural immersion|['france', 'italy', 'spain']|multiple locations multiple locations|4495|http://www.go.travelforteens.com/VVTLDEWebsite?utm_source=teenlife
439|['15', '16', '17', '18']|0|100|arts|italy|0|3695|http://www.go.travelforteens.com/VVTLITPWebsite?utm_source=teenlife
440|['15', '16', '17', '18']|0|100|community service|japan|0|5995|http://www.go.travelforteens.com/VVTLJDSWebsite?utm_source=teenlife
441|['15', '16', '17', '18']|0|100|travelcultural immersion|['france', 'united kingdom']|0|3495|http://www.go.travelforteens.com/VVTLLPWebsite?utm_source=teenlife
442|['15', '16', '17', '18']|0|100|travelcultural immersion|['scotland', 'united kingdom', 'wales']|0|4495|http://www.go.travelforteens.com/VVTLUKWebsite?utm_source=teenlife
443|['15', '16', '17']|0|0|travelcultural immersion|new zealand|0|3995|http://www.go.travelforteens.com/VVTLNZAWebsite?utm_source=teenlife
444|['17', '18', '19']|0|100|travelcultural immersion|new zealand|0|3995|http://www.go.travelforteens.com/VVTLNZOTWebsite?utm_source=teenlife
445|['15', '16', '17', '18']|0|100|arts|france|0|3695|http://www.go.travelforteens.com/VVTLPPWebsite?utm_source=teenlife
446|['15', '16', '17', '18']|0|100|community service|['ecuador', 'peru']|0|6995|http://www.go.travelforteens.com/VVTLPEGWebsite?utm_source=teenlife
447|['16', '17', '18']|0|100|community service|peru|0|5395|http://www.go.travelforteens.com/VVTLPSAWebsite?utm_source=teenlife
448|['15', '16', '17', '18']|0|100|community service|peru|0|3595|http://www.go.travelforteens.com/VVTLPDSWebsite?utm_source=teenlife
449|['15', '16', '17', '18']|0|100|travelcultural immersion|['denmark', 'norway', 'sweden']|0|4895|http://www.go.travelforteens.com/VVTLNDSWebsite?utm_source=teenlife
450|['15', '16', '17', '18']|0|100|travelcultural immersion|['ireland', 'scotland']|multiple locations multiple locations|4895|http://www.go.travelforteens.com/VVTLIRLWebsite?utm_source=teenlife
451|['15', '16', '17', '18']|0|100|community service|south africa|0|6195|http://www.go.travelforteens.com/VVTLSASWebsite?utm_source=teenlife
452|['15', '16', '17', '18']|0|100|travelcultural immersion|south korea|0|4995|http://www.go.travelforteens.com/VVTLSKDSWebsite?utm_source=teenlife
453|['17', '18']|0|100|travelcultural immersion|['cambodia', 'laos', 'thailand', 'vietnam']|0|6895|http://www.go.travelforteens.com/VVTLLVBTWebsite?utm_source=teenlife
454|['15', '16', '17', '18']|0|100|language|['france', 'spain']|0|4595|http://www.go.travelforteens.com/VVTLMMB14Website?utm_source=teenlife
455|['15', '16', '17', '18']|0|100|language|['france', 'spain']|0|6895|http://www.go.travelforteens.com/VVTLMMB21Website?utm_source=teenlife
456|['15', '16', '17', '18']|0|100|travelcultural immersion|spain|multiple locations multiple locations|7995|http://www.go.travelforteens.com/VVTLMMB28Website?utm_source=teenlife
457|['13', '14', '15', '16', '17', '18', '19']|0|100|travelcultural immersion|['australia', 'austria', 'belgium', 'cambodia', 'canada', 'china', 'costa rica', 'croatia', 'czech republic', 'denmark', 'ecuador', 'fiji', 'france', 'galapagos islands', 'germany', 'greece', 'hawaii', 'hungary', 'iceland', 'ireland', 'italy', 'japan', 'laos', 'morocco', 'netherlands', 'new zealand', 'norway', 'peru', 'poland', 'portugal', 'scotland', 'slovenia', 'south africa', 'south korea', 'spain', 'sweden', 'switzerland', 'tanzania', 'thailand', 'united kingdom', 'united states', 'vietnam', 'wales']|multiple locations multiple locations|1695|http://www.go.travelforteens.com/VVTLVisitWebsite?utm_source=teenlife
458|['15', '16', '17', '18']|0|100|community service|tanzania|0|6195|http://www.go.travelforteens.com/VVTLTASSWebsite?utm_source=teenlife
459|['15', '16', '17', '18']|0|100|community service|tanzania|multiple locations multiple locations|3795|http://www.go.travelforteens.com/VVTLTSWebsite?utm_source=teenlife
460|['15', '16', '17', '18']|0|100|community service|thailand|0|3295|http://www.go.travelforteens.com/VVTLTHEEWebsite?utm_source=teenlife
461|['15', '16', '17', '18']|0|100|community service|thailand|0|4995|http://www.go.travelforteens.com/VVTLTESIWebsite?utm_source=teenlife
462|['15', '16', '17', '18']|0|100|community service|thailand|0|4795|http://www.go.travelforteens.com/VVTLTSAWebsite?utm_source=teenlife
463|['15', '16', '17', '18']|0|100|travelcultural immersion|['cambodia', 'thailand', 'vietnam']|multiple locations multiple locations|4795|http://www.go.travelforteens.com/VVTLTVCWebsite?utm_source=teenlife
464|['15', '16', '17', '18']|0|100|travelcultural immersion|['germany', 'italy', 'netherlands', 'switzerland', 'united kingdom']|0|7595|http://www.go.travelforteens.com/VVTLUE21Website?utm_source=teenlife
465|['15', '16', '17', '18']|0|100|travelcultural immersion|['france', 'germany', 'netherlands', 'spain', 'switzerland', 'united kingdom']|0|9795|http://www.go.travelforteens.com/VVTLUE30Website?utm_source=teenlife
466|['15', '16', '17', '18']|0|100|travelcultural immersion|italy|multiple locations multiple locations|6595|http://www.go.travelforteens.com/VVTLUIWebsite?utm_source=teenlife
467|0|0|0|travelcultural immersion|['denmark', 'finland', 'iceland', 'norway', 'sweden']|0|8995|http://www.go.travelforteens.com/VVTLNDSFIADWebsite?utm_source=teenlife
468|0|0|0|arts|['france', 'italy']|0|6795|http://www.go.travelforteens.com/VVTLPTPITPWebsite?utm_source=teenlife
469|['15', '16', '17']|0|100|travelcultural immersion|united states|0|3695|http://www.go.travelforteens.com/VVTLNASWWebsite?utm_source=teenlife
470|0|0|0|outdoor adventure|0|0|6995|http://www.go.travelforteens.com/VVTLHSTSNAWebsite?utm_source=teenlife
471|0|0|0|travelcultural immersion|united states|0|7295|http://www.go.travelforteens.com/VVTLNAASAWebsite?utm_source=teenlife
472|['15', '16', '17']|0|100|travelcultural immersion|united states|0|3795|http://www.go.travelforteens.com/VVTLNAPNWWebsite?utm_source=teenlife
473|['15', '16', '17', '18']|0|100|travelcultural immersion|0|0|6995|http://www.go.travelforteens.com/VVTLNAWCWebsite?utm_source=teenlife
474|['15', '16', '17', '18']|0|100|travelcultural immersion|canada|multiple locations multiple locations|3695|http://www.go.travelforteens.com/VVTLNAParks11Website?utm_source=teenlife
475|0|0|0|travelcultural immersion|canada|0|6995|http://www.go.travelforteens.com/VVTLNA2NA3Website?utm_source=teenlife
476|['15', '16', '17', '18']|0|100|travelcultural immersion|['canada', 'united states']|0|9995|http://www.go.travelforteens.com/VVTLNACWCWebsite?utm_source=teenlife
477|['15', '16', '17', '18']|0|100|travelcultural immersion|canada|multiple locations multiple locations|6895|http://www.go.travelforteens.com/VVTLNANP22Website?utm_source=teenlife
478|['15', '16', '17', '18']|0|100|travelcultural immersion|canada|0|12995|http://www.go.travelforteens.com/VVTLNAUWebsite?utm_source=teenlife
479|['15', '16', '17', '18']|0|100|travelcultural immersion|canada|0|9995|http://www.go.travelforteens.com/VVTLNANP33Website?utm_source=teenlife
480|['17', '18']|0|0|community service|0|0|3995|http://www.go.travelforteens.com/VVTLASAOTWebsite?utm_source=teenlife
481|['13', '14']|0|100|community service|hawaii|0|3795|http://www.go.travelforteens.com/VVTLHIYTWebsite?utm_source=teenlife
482|['13', '14']|0|0|travelcultural immersion|0|0|6995|http://www.go.travelforteens.com/VVTLHIYTCALIWebsite?utm_source=teenlife
483|['13', '14']|0|100|community service|united states|0|3695|http://www.go.travelforteens.com/VVTLCYWebsite?utm_source=teenlife
484|0|0|0|arts|0|los angeles ca|795|http://ucamps.org/summer-camps/?utm_source=teenlife
485|['14', '15', '16', '17']|0|35|stem|united states|amherst ma|3145|http://www.umass.edu/summer/programs/academic-programs/pre-veterinary-medicine?utm_source=teenlife
486|['15', '16', '17']|0|35|academic|0|amherst ma|1589|https://www.umass.edu/summer/programs/academic-programs/architectural-landscape-watercolor-rendering?utm_source=teenlife
487|['15', '16', '17', '18']|5152020|35|stem|0|amherst ma|3145|http://www.umass.edu/summer/programs/academic-programs/drug-discovery-medical-properties-plants?utm_source=teenlife
488|['15', '16', '17']|0|35|businessentrepreneurship|united states|amherst ma|3145|https://www.umass.edu/summer/programs/academic-programs/economics-hunger?utm_source=teenlife
489|['15', '16', '17', '18']|0|35|businessentrepreneurship|united states|amherst ma|3052|http://www.umass.edu/summer/programs/academic-programs/entrepreneurship-becoming-game-changer?utm_source=teenlife
490|['14', '15', '16', '17', '18']|0|35|stem|united states|amherst ma|3145|http://www.umass.edu/summer/programs/academic-programs/equine-science?utm_source=teenlife
491|['15', '16', '17', '18']|0|35|academic|united states|amherst ma|3145|http://www.umass.edu/summer/programs/academic-programs/forensic-anthropology-and-bioarchaeology?utm_source=teenlife
492|['15', '16', '17']|0|35|stem|0|amherst ma|3052|https://www.umass.edu/summer/programs/academic-programs/forensic-chemistry?utm_source=teenlife
493|['14', '15', '16', '17']|0|35|stem|united states|amherst ma|3145|https://www.umass.edu/summer/programs/academic-programs/foundations-data-science?utm_source=teenlife
494|['15', '16', '17']|0|35|arts|0|amherst ma|1589|https://www.umass.edu/summer/programs/academic-programs/fundamentals-music-theory?utm_source=teenlife
495|['14', '15', '16', '17']|0|35|businessentrepreneurship|united states|amherst ma|3145|http://www.umass.edu/summer/programs/academic-programs/how-business-works?utm_source=teenlife
496|['15', '16', '17', '18']|0|35|stem|0|amherst ma|3145|https://www.umass.edu/summer/programs/academic-programs/introduction-electronics-and-arduino?utm_source=teenlife
497|['14', '15', '16', '17']|0|35|academic|united states|amherst ma|3145|http://www.umass.edu/summer/programs/academic-programs/human-health-and-movement-kinesiology?utm_source=teenlife
498|0|0|35|academic|united states|amherst ma|3145|http://www.umass.edu/summer/programs/academic-programs/modern-astronomy-observing-physics-our-mysterious-universe?utm_source=teenlife
499|['14', '15', '16', '17']|0|35|arts|united states|amherst ma|1589|http://www.umass.edu/summer/programs/academic-programs/music-technology?utm_source=teenlife
500|['14', '16', '17', '18']|0|35|stem|united states|amherst ma|3145|https://www.umass.edu/summer/programs/academic-programs/psychology-sex-drugs-rock-n-roll?utm_source=teenlife
501|['14', '15', '16', '17']|0|35|stem|united states|amherst ma|10185|http://www.umass.edu/summer/programs/research-intensive-labs?utm_source=teenlife
502|['14', '15', '16', '17']|0|35|businessentrepreneurship|united states|amherst ma|3145|http://www.umass.edu/summer/programs/academic-programs/sport-management-and-leadership-academy?utm_source=teenlife
503|['14', '15', '16', '17']|0|35|academic|united states|amherst ma|3145|http://www.umass.edu/summer/programs/academic-programs/sports-broadcasting?utm_source=teenlife
504|['14', '15', '16', '17']|0|35|academic|united states|amherst ma|4786|http://www.umass.edu/summer/programs/academic-programs/summer-design-academy?utm_source=teenlife
505|['14', '15', '16', '17']|0|35|academic|united states|amherst ma|3145|http://www.umass.edu/summer/programs/academic-programs/summer-engineering-institute?utm_source=teenlife
506|['15', '16', '17']|0|50|businessentrepreneurship|0|college park md|3500|http://go.umd.edu/SEBP?utm_source=teenlife
507|['14', '15', '16', '17', '18']|6152020|0|academic|0|college park md|2750|https://tys.umd.edu?utm_source=teenlife
508|['14', '15', '16', '17', '18']|6152020|75|academic|0|college park md|2750|https://tys.umd.edu?utm_source=teenlife
509|['14', '15', '16', '17', '18']|6152020|75|academic|0|college park md|2750|https://tys.umd.edu?utm_source=teenlife
510|['14', '15', '16', '17', '18']|6152020|75|academic|0|college park md|2750|https://tys.umd.edu?utm_source=teenlife
511|['14', '15', '16', '17', '18']|6152020|75|academic|0|college park md|2750|https://tys.umd.edu?utm_source=teenlife
512|['14', '15', '16', '17', '18']|6152020|75|academic|0|college park md|2750|https://tys.umd.edu?utm_source=teenlife
513|['14', '15', '16', '17', '18']|6152020|75|academic|0|college park md|2750|https://tys.umd.edu?utm_source=teenlife
514|['14', '15', '16', '17', '18']|0|75|academic|0|college park md|2750|https://tys.umd.edu?utm_source=teenlife
515|['12', '13', '14', '15', '16', '17', '18']|0|0|arts|0|novato ca|1250|http://www.usperformingarts.com?utm_source=teenlife
516|['12', '13', '14', '15', '16', '17', '18', '19', '19']|4142016|120|community service|belize|near belize city belize|895|https://www.abroaderview.org/volunteers/belize?utm_source=teenlife
517|['12', '13', '14', '15', '16', '17', '18', '19', '19']|4142015|120|travelcultural immersion|guatemala|elkins park pa|775|https://www.abroaderview.org/programs/orphanage-support/guatemala-orphanage-xela?utm_source=teenlife
518|['14', '15', '16', '17', '18']|0|0|arts|0|novato ca|2800|http://www.usperformingarts.com/camp/pepperdine-university-web-tv-acting-writing-directing-for-the-camera/?utm_source=teenlife
519|['15', '16', '17', '18']|5012020|0|academic|united states|williamsburg va|4200|https://www.wm.edu/as/niahd/precolsummer/index.php?utm_source=teenlife
520|['12', '13', '14', '15', '16', '17', '18']|0|0|outdoor adventure|0|denmark me|5500|http://www.wyonegonic.com?utm_source=teenlife
521|['16', '17']|1152020|70|academic|0|new haven ct|6300|https://globalscholars.yale.edu?utm_source=teenlife
522|['12', '13', '14', '15', '16', '17', '18']|5032020|3200|language|china|hong kong hong kong|0|http://www.activekidshk.com?utm_source=teenlife
523|['12', '13', '14', '15', '16', '17', '18']|8012020|200|arts|0|suffield ct|1350|http://www.ypicamp.org?utm_source=teenlife
